Phone ID,Brand,Model,Slug,Classification,Evidence,Suggested Action,Confirmed For Deletion
6a6fd5cb09907c5ce669cdcb,Samsung,All about Galaxy,samsung-all-about-galaxy,navigation,Samsung marketing/navigation page,REVIEW_THEN_DELETE,NO
6a6fd42e09907c5ce669c862,Samsung,Compare,samsung-compare,navigation,Samsung compare/navigation page,REVIEW_THEN_DELETE,NO
6a6fd54909907c5ce669cb08,whatmobile,10000 to 20001 Rs Mobiles &#8211; 10000 to 20001 Rs Mobile Phones Prices - WhatMobile,whatmobile-10000-to-20001-rs-mobiles-8211-10000-to-20001-rs-mobile-phones-prices-whatmobile,catalog,WhatMobile catalog/brand/price listing,REVIEW_THEN_DELETE,NO
6a6fd54e09907c5ce669cb46,whatmobile,20000 to 30001 Rs Mobiles &#8211; 20000 to 30001 Rs Mobile Phones Prices - WhatMobile,whatmobile-20000-to-30001-rs-mobiles-8211-20000-to-30001-rs-mobile-phones-prices-whatmobile,catalog,WhatMobile catalog/brand/price listing,REVIEW_THEN_DELETE,NO
6a6fd55509907c5ce669cbae,whatmobile,30000 to 40001 Rs Mobiles &#8211; 30000 to 40001 Rs Mobile Phones Prices - WhatMobile,whatmobile-30000-to-40001-rs-mobiles-8211-30000-to-40001-rs-mobile-phones-prices-whatmobile,catalog,WhatMobile catalog/brand/price listing,REVIEW_THEN_DELETE,NO
6a6fd55d09907c5ce669cc2b,whatmobile,40000 to 50001 Rs Mobiles &#8211; 40000 to 50001 Rs Mobile Phones Prices - WhatMobile,whatmobile-40000-to-50001-rs-mobiles-8211-40000-to-50001-rs-mobile-phones-prices-whatmobile,catalog,WhatMobile catalog/brand/price listing,REVIEW_THEN_DELETE,NO
6a6fd44009907c5ce669c98f,whatmobile,4G Mobiles &#8211; 4G Mobile Phones Prices - WhatMobile,whatmobile-4g-mobiles-8211-4g-mobile-phones-prices-whatmobile,catalog,WhatMobile catalog/brand/price listing,REVIEW_THEN_DELETE,NO
6a6fd58209907c5ce669ccbe,whatmobile,50000 to 350001 Rs Mobiles &#8211; 50000 to 350001 Rs Mobile Phones Prices - WhatMobile,whatmobile-50000-to-350001-rs-mobiles-8211-50000-to-350001-rs-mobile-phones-prices-whatmobile,catalog,WhatMobile catalog/brand/price listing,REVIEW_THEN_DELETE,NO
6a6fd43e09907c5ce669c97b,whatmobile,5G Mobiles &#8211; 5G Mobile Phones Prices - WhatMobile,whatmobile-5g-mobiles-8211-5g-mobile-phones-prices-whatmobile,catalog,WhatMobile catalog/brand/price listing,REVIEW_THEN_DELETE,NO
6a6fd43509907c5ce669c8db,whatmobile,Apple Mobiles &#8211; Apple Mobile Phones Prices - WhatMobile,whatmobile-apple-mobiles-8211-apple-mobile-phones-prices-whatmobile,catalog,WhatMobile catalog/brand/price listing,REVIEW_THEN_DELETE,NO
6a6fd54609907c5ce669cacb,whatmobile,Coming Soon Itel Mobiles &#8211; Coming Soon Itel Mobile Phones Prices 2026 - WhatMobile,whatmobile-coming-soon-itel-mobiles-8211-coming-soon-itel-mobile-phones-prices-2026-whatmobile,catalog,WhatMobile catalog/brand/price listing,REVIEW_THEN_DELETE,NO
6a6fd43109907c5ce669c88b,whatmobile,Dcode Mobiles &#8211; Dcode Mobile Phones Prices 2026 - WhatMobile,whatmobile-dcode-mobiles-8211-dcode-mobile-phones-prices-2026-whatmobile,catalog,WhatMobile catalog/brand/price listing,REVIEW_THEN_DELETE,NO
6a6fd44109907c5ce669c9a3,whatmobile,HTC Mobiles &#8211; HTC Mobile Phones Prices - WhatMobile,whatmobile-htc-mobiles-8211-htc-mobile-phones-prices-whatmobile,catalog,WhatMobile catalog/brand/price listing,REVIEW_THEN_DELETE,NO
6a6fd43b09907c5ce669c93f,whatmobile,Honor Mobiles &#8211; Honor Mobile Phones Prices 2026 - WhatMobile,whatmobile-honor-mobiles-8211-honor-mobile-phones-prices-2026-whatmobile,catalog,WhatMobile catalog/brand/price listing,REVIEW_THEN_DELETE,NO
6a6fd44209907c5ce669c9b7,whatmobile,How to Block your Stolen / Lost Mobile Phone - WhatMobile :::,whatmobile-how-to-block-your-stolen-lost-mobile-phone-whatmobile,article,WhatMobile help article,REVIEW_THEN_DELETE,NO
6a6fd43609907c5ce669c8ef,whatmobile,Huawei Mobiles &#8211; Huawei Mobile Phones Prices 2026 - WhatMobile,whatmobile-huawei-mobiles-8211-huawei-mobile-phones-prices-2026-whatmobile,catalog,WhatMobile catalog/brand/price listing,REVIEW_THEN_DELETE,NO
6a6fd43d09907c5ce669c967,whatmobile,Infinix Mobiles &#8211; Infinix Mobile Phones Prices 2026 - WhatMobile,whatmobile-infinix-mobiles-8211-infinix-mobile-phones-prices-2026-whatmobile,catalog,WhatMobile catalog/brand/price listing,REVIEW_THEN_DELETE,NO
6a6fd50009907c5ce669ca60,whatmobile,LG Mobiles &#8211; LG Mobile Phones Prices - WhatMobile,whatmobile-lg-mobiles-8211-lg-mobile-phones-prices-whatmobile,catalog,WhatMobile catalog/brand/price listing,REVIEW_THEN_DELETE,NO
6a6fd50909907c5ce669ca75,whatmobile,Nokia Mobiles &#8211; Nokia Mobile Phones Prices 2026 - WhatMobile,whatmobile-nokia-mobiles-8211-nokia-mobile-phones-prices-2026-whatmobile,catalog,WhatMobile catalog/brand/price listing,REVIEW_THEN_DELETE,NO
6a6fd43a09907c5ce669c92b,whatmobile,Oppo Mobiles &#8211; Oppo Mobile Phones Prices 2026 - WhatMobile,whatmobile-oppo-mobiles-8211-oppo-mobile-phones-prices-2026-whatmobile,catalog,WhatMobile catalog/brand/price listing,REVIEW_THEN_DELETE,NO
6a6fd43009907c5ce669c877,whatmobile,QMobile Mobiles &#8211; QMobile Mobile Phones Prices - WhatMobile,whatmobile-qmobile-mobiles-8211-qmobile-mobile-phones-prices-whatmobile,catalog,WhatMobile catalog/brand/price listing,REVIEW_THEN_DELETE,NO
6a6fd43909907c5ce669c917,whatmobile,Realme Mobiles &#8211; Realme Mobile Phones Prices 2026 - WhatMobile,whatmobile-realme-mobiles-8211-realme-mobile-phones-prices-2026-whatmobile,catalog,WhatMobile catalog/brand/price listing,REVIEW_THEN_DELETE,NO
6a6fd44409907c5ce669c9df,whatmobile,Samsung Mobiles &#8211; Samsung Mobile Phones Prices 2026 - WhatMobile,whatmobile-samsung-mobiles-8211-samsung-mobile-phones-prices-2026-whatmobile,catalog,WhatMobile catalog/brand/price listing,REVIEW_THEN_DELETE,NO
6a6fd44309907c5ce669c9cb,whatmobile,Sony Ericsson Mobiles &#8211; Sony Ericsson Mobile Phones Prices - WhatMobile,whatmobile-sony-ericsson-mobiles-8211-sony-ericsson-mobile-phones-prices-whatmobile,catalog,WhatMobile catalog/brand/price listing,REVIEW_THEN_DELETE,NO
6a6fd43209907c5ce669c89f,whatmobile,Sparx Mobiles &#8211; Sparx Mobile Phones Prices 2026 - WhatMobile,whatmobile-sparx-mobiles-8211-sparx-mobile-phones-prices-2026-whatmobile,catalog,WhatMobile catalog/brand/price listing,REVIEW_THEN_DELETE,NO
6a6fd43409907c5ce669c8c7,whatmobile,Tecno Mobiles &#8211; Tecno Mobile Phones Prices 2026 - WhatMobile,whatmobile-tecno-mobiles-8211-tecno-mobile-phones-prices-2026-whatmobile,catalog,WhatMobile catalog/brand/price listing,REVIEW_THEN_DELETE,NO
6a6fd43c09907c5ce669c953,whatmobile,Vivo Mobiles &#8211; Vivo Mobile Phones Prices 2026 - WhatMobile,whatmobile-vivo-mobiles-8211-vivo-mobile-phones-prices-2026-whatmobile,catalog,WhatMobile catalog/brand/price listing,REVIEW_THEN_DELETE,NO
6a6fd43809907c5ce669c903,whatmobile,Xiaomi Mobiles &#8211; Xiaomi Mobile Phones Prices 2026 - WhatMobile,whatmobile-xiaomi-mobiles-8211-xiaomi-mobile-phones-prices-2026-whatmobile,catalog,WhatMobile catalog/brand/price listing,REVIEW_THEN_DELETE,NO
6a6fd43309907c5ce669c8b3,whatmobile,ZTE Mobiles &#8211; ZTE Mobile Phones Prices 2026 - WhatMobile,whatmobile-zte-mobiles-8211-zte-mobile-phones-prices-2026-whatmobile,catalog,WhatMobile catalog/brand/price listing,REVIEW_THEN_DELETE,NO
6a6fd54709907c5ce669cadf,whatmobile,less than 10000 Rs Mobiles &#8211; less than 10000 Rs Mobile Phones Prices - WhatMobile,whatmobile-less-than-10000-rs-mobiles-8211-less-than-10000-rs-mobile-phones-prices-whatmobile,catalog,WhatMobile catalog/brand/price listing,REVIEW_THEN_DELETE,NO
